City,City_ascii,State_id,State_name,County_name,Lat,Long,Population,Density,Timezone,Ranking,Id
New York,New York,NY,New York,New York,40.6943,-73.9249,18713220,10715,America/New_York,1,1840034016
Los Angeles,Los Angeles,CA,California,Los Angeles,34.1139,-118.4068,12750807,3276,America/Los_Angeles,1,1840020491
Chicago,Chicago,IL,Illinois,Cook,41.8373,-87.6862,8604203,4574,America/Chicago,1,1840000494
Miami,Miami,FL,Florida,Miami-Dade,25.7839,-80.2102,6445545,5019,America/New_York,1,1840015149
Dallas,Dallas,TX,Texas,Dallas,32.7936,-96.7662,5743938,1526,America/Chicago,1,1840019440
Philadelphia,Philadelphia,PA,Pennsylvania,Philadelphia,40.0077,-75.1339,5649300,4554,America/New_York,1,1840000673
Houston,Houston,TX,Texas,Harris,29.7863,-95.3889,5464251,1399,America/Chicago,1,1840020925
Atlanta,Atlanta,GA,Georgia,Fulton,33.7627,-84.4224,5449398,1441,America/New_York,1,1840013660
Washington,Washington,DC,District of Columbia,District of Columbia,38.9047,-77.0163,5379184,4457,America/New_York,1,1840006060
Boston,Boston,MA,Massachusetts,Suffolk,42.3188,-71.0846,4688346,5532,America/New_York,1,1840000455
Phoenix,Phoenix,AZ,Arizona,Maricopa,33.5722,-112.0891,4219697,1253,America/Phoenix,1,1840020568
Seattle,Seattle,WA,Washington,King,47.6211,-122.3244,3789215,3469,America/Los_Angeles,1,1840021117
San Francisco,San Francisco,CA,California,San Francisco,37.7562,-122.4430,3592294,7256,America/Los_Angeles,1,1840021543
Detroit,Detroit,MI,Michigan,Wayne,42.3834,-83.1024,3506126,1864,America/Detroit,1,1840003971
San Diego,San Diego,CA,California,San Diego,32.8312,-117.1225,3220118,1686,America/Los_Angeles,1,1840021990
Minneapolis,Minneapolis,MN,Minnesota,Hennepin,44.9635,-93.2678,2977172,3071,America/Chicago,1,1840007830
Tampa,Tampa,FL,Florida,Hillsborough,27.9942,-82.4451,2908063,1353,America/New_York,1,1840015982
Denver,Denver,CO,Colorado,Denver,39.7621,-104.8759,2876625,1831,America/Denver,1,1840018789
Brooklyn,Brooklyn,NY,New York,Kings,40.6501,-73.9496,2559903,14221,America/New_York,1,1840034030
Queens,Queens,NY,New York,Queens,40.7498,-73.7976,2230722,7885,America/New_York,1,1840034002
Riverside,Riverside,CA,California,Riverside,33.9381,-117.3948,2107852,1574,America/Los_Angeles,1,1840020551
Baltimore,Baltimore,MD,Maryland,Baltimore,39.3051,-76.6144,2106068,2830,America/New_York,1,1840001592
Las Vegas,Las Vegas,NV,Nevada,Clark,36.2333,-115.2654,2104198,1773,America/Los_Angeles,1,1840020364
Portland,Portland,OR,Oregon,Multnomah,45.5372,-122.6500,2074775,1894,America/Los_Angeles,1,1840019941
San Antonio,San Antonio,TX,Texas,Bexar,29.4658,-98.5253,2049293,1231,America/Chicago,1,1840022220
St. Louis,St. Louis,MO,Missouri,St. Louis,38.6358,-90.2451,2024074,1879,America/Chicago,1,1840001651
Sacramento,Sacramento,CA,California,Sacramento,38.5667,-121.4683,1898019,2029,America/Los_Angeles,1,1840021491
Orlando,Orlando,FL,Florida,Orange,28.4772,-81.3369,1822394,1003,America/New_York,1,1840015099
San Jose,San Jose,CA,California,Santa Clara,37.3019,-121.8486,1798103,2218,America/Los_Angeles,1,1840021570
Cleveland,Cleveland,OH,Ohio,Cuyahoga,41.4767,-81.6804,1710093,1893,America/New_York,1,1840000596
Pittsburgh,Pittsburgh,PA,Pennsylvania,Allegheny,40.4396,-79.9762,1703266,2093,America/New_York,1,1840001254
Austin,Austin,TX,Texas,Travis,30.3004,-97.7522,1687311,1181,America/Chicago,1,1840019590
Cincinnati,Cincinnati,OH,Ohio,Hamilton,39.1413,-84.5061,1662691,1507,America/New_York,1,1840003814
Kansas City,Kansas City,MO,Missouri,Jackson,39.1239,-94.5541,1636715,607,America/Chicago,1,1840008535
Manhattan,Manhattan,NY,New York,New York,40.7834,-73.9662,1628706,27545,America/New_York,1,1840034000
Indianapolis,Indianapolis,IN,Indiana,Marion,39.7771,-86.1458,1588961,935,America/Indiana/Indianapolis,1,1840030084
Columbus,Columbus,OH,Ohio,Franklin,39.9862,-82.9850,1562009,1582,America/New_York,1,1840003760
Charlotte,Charlotte,NC,North Carolina,Mecklenburg,35.2080,-80.8304,1512923,1113,America/New_York,1,1840014557
Virginia Beach,Virginia Beach,VA,Virginia,Virginia Beach,36.7335,-76.0435,1478868,709,America/New_York,1,1840003871
Bronx,Bronx,NY,New York,Bronx,40.8501,-73.8662,1418207,12862,America/New_York,1,1840033999
Milwaukee,Milwaukee,WI,Wisconsin,Milwaukee,43.0642,-87.9673,1365787,2369,America/Chicago,1,1840003046
Providence,Providence,RI,Rhode Island,Providence,41.8230,-71.4187,1203230,3773,America/New_York,1,1840003289
Jacksonville,Jacksonville,FL,Florida,Duval,30.3322,-81.6749,1181496,470,America/New_York,1,1840015031
Salt Lake City,Salt Lake City,UT,Utah,Salt Lake,40.7777,-111.9306,1098526,699,America/Denver,1,1840021383
Nashville,Nashville,TN,Tennessee,Davidson,36.1715,-86.7843,1081903,544,America/Chicago,1,1840036155
Richmond,Richmond,VA,Virginia,Richmond,37.5295,-77.4756,1075798,1484,America/New_York,1,1840001698
Memphis,Memphis,TN,Tennessee,Shelby,35.1046,-89.9773,1066967,792,America/Chicago,1,1840015457
Raleigh,Raleigh,NC,North Carolina,Wake,35.8325,-78.6435,1038738,1254,America/New_York,1,1840014497
New Orleans,New Orleans,LA,Louisiana,Orleans,30.0687,-89.9288,1020886,889,America/Chicago,1,1840001839
Louisville,Louisville,KY,Kentucky,Jefferson,38.1663,-85.6485,1005654,905,America/New_York,1,1840030815
Oklahoma City,Oklahoma City,OK,Oklahoma,Oklahoma,35.4676,-97.5136,972943,417,America/Chicago,2,1840020428
Bridgeport,Bridgeport,CT,Connecticut,Fairfield,41.1918,-73.1953,924449,3470,America/New_York,2,1840004836
Buffalo,Buffalo,NY,New York,Erie,42.9016,-78.8487,914341,2441,America/New_York,2,1840000386
Fort Worth,Fort Worth,TX,Texas,Tarrant,32.7811,-97.3473,909585,1016,America/Chicago,2,1840020696
Hartford,Hartford,CT,Connecticut,Hartford,41.7661,-72.6834,905152,2712,America/New_York,2,1840004773
Tucson,Tucson,AZ,Arizona,Pima,32.1545,-110.8782,888486,889,America/Phoenix,2,1840022101
Omaha,Omaha,NE,Nebraska,Douglas,41.2627,-96.0522,847819,1309,America/Chicago,2,1840009315
El Paso,El Paso,TX,Texas,El Paso,31.8479,-106.4309,843386,1022,America/Denver,2,1840023252
Honolulu,Honolulu,HI,Hawaii,Honolulu,21.3294,-157.8460,820987,2200,Pacific/Honolulu,2,1840013305
McAllen,McAllen,TX,Texas,Hidalgo,26.2273,-98.2471,804114,841,America/Chicago,2,1840021024
Albuquerque,Albuquerque,NM,New Mexico,Bernalillo,35.1053,-106.6464,761195,1155,America/Denver,2,1840019176
Birmingham,Birmingham,AL,Alabama,Jefferson,33.5277,-86.7987,739573,553,America/Chicago,2,1840006507
Sarasota,Sarasota,FL,Florida,Sarasota,27.3386,-82.5431,722243,1528,America/New_York,2,1840015988
Dayton,Dayton,OH,Ohio,Montgomery,39.7797,-84.1998,718353,978,America/New_York,2,1840034249
Rochester,Rochester,NY,New York,Monroe,43.1680,-77.6162,703952,2220,America/New_York,2,1840000373
Fresno,Fresno,CA,California,Fresno,36.7831,-119.7941,703498,1789,America/Los_Angeles,2,1840020319
Allentown,Allentown,PA,Pennsylvania,Lehigh,40.5961,-75.4756,683794,2672,America/New_York,2,1840001044
Tulsa,Tulsa,OK,Oklahoma,Tulsa,36.1284,-95.9042,671033,784,America/Chicago,2,1840021672
Cape Coral,Cape Coral,FL,Florida,Lee,26.6446,-81.9956,668382,708,America/New_York,2,1840015130
Concord,Concord,CA,California,Contra Costa,37.9722,-122.0016,652308,1633,America/Los_Angeles,2,1840018905
Colorado Springs,Colorado Springs,CO,Colorado,El Paso,38.8674,-104.7606,642413,946,America/Denver,2,1840018825
Charleston,Charleston,SC,South Carolina,Charleston,32.8153,-79.9628,628377,480,America/New_York,2,1840015163
Springfield,Springfield,MA,Massachusetts,Hampden,42.1155,-72.5395,623401,1860,America/New_York,2,1840000466
Grand Rapids,Grand Rapids,MI,Michigan,Kent,42.9620,-85.6562,609314,1734,America/Detroit,2,1840002928
Mission Viejo,Mission Viejo,CA,California,Orange,33.6095,-117.6550,590249,2058,America/Los_Angeles,2,1840020580
Albany,Albany,NY,New York,Albany,42.6664,-73.7987,586383,1740,America/New_York,2,1840000417
Knoxville,Knoxville,TN,Tennessee,Knox,35.9692,-83.9496,586048,733,America/New_York,2,1840014486
Bakersfield,Bakersfield,CA,California,Kern,35.3529,-119.0359,579295,990,America/Los_Angeles,2,1840019148
Ogden,Ogden,UT,Utah,Weber,41.2278,-111.9682,578523,1230,America/Denver,2,1840020135
Baton Rouge,Baton Rouge,LA,Louisiana,East Baton Rouge,30.4418,-91.1310,570308,983,America/Chicago,2,1840013941
Akron,Akron,OH,Ohio,Summit,41.0798,-81.5219,565208,1231,America/New_York,2,1840000791
New Haven,New Haven,CT,Connecticut,New Haven,41.3112,-72.9246,564830,2690,America/New_York,2,1840004850
Columbia,Columbia,SC,South Carolina,Richland,34.0376,-80.9037,560041,373,America/New_York,2,1840014730
Mesa,Mesa,AZ,Arizona,Maricopa,33.4017,-111.7180,518012,1448,America/Phoenix,2,1840020566
Palm Bay,Palm Bay,FL,Florida,Brevard,27.9550,-80.6627,507002,456,America/New_York,2,1840015094
Provo,Provo,UT,Utah,Utah,40.2457,-111.6457,500617,1080,America/Denver,2,1840020174
Worcester,Worcester,MA,Massachusetts,Worcester,42.2705,-71.8079,498328,1916,America/New_York,2,1840000434
Murrieta,Murrieta,CA,California,Riverside,33.5720,-117.1909,496046,1335,America/Los_Angeles,2,1840020553
Greenville,Greenville,SC,South Carolina,Greenville,34.8353,-82.3647,484465,920,America/New_York,2,1840013501
Wichita,Wichita,KS,Kansas,Sedgwick,37.6896,-97.3442,482249,931,America/Chicago,2,1840001686
Toledo,Toledo,OH,Ohio,Lucas,41.6639,-83.5822,482111,1308,America/New_York,2,1840000572
Staten Island,Staten Island,NY,New York,Richmond,40.5834,-74.1496,476143,3156,America/New_York,2,1840034032
Des Moines,Des Moines,IA,Iowa,Polk,41.5725,-93.6105,473957,938,America/Chicago,2,1840007069
Long Beach,Long Beach,CA,California,Los Angeles,33.7981,-118.1675,462628,3523,America/Los_Angeles,2,1840020490
Port St. Lucie,Port St. Lucie,FL,Florida,St. Lucie,27.2796,-80.3883,461152,653,America/New_York,2,1840015119
Denton,Denton,TX,Texas,Denton,33.2176,-97.1419,457177,567,America/Chicago,2,1840019390
Madison,Madison,WI,Wisconsin,Dane,43.0826,-89.3931,447245,1263,America/Chicago,2,1840002915
Reno,Reno,NV,Nevada,Washoe,39.5497,-119.8483,445020,907,America/Los_Angeles,2,1840020121
Harrisburg,Harrisburg,PA,Pennsylvania,Dauphin,40.2752,-76.8843,442289,2343,America/New_York,2,1840001288
Little Rock,Little Rock,AR,Arkansas,Pulaski,34.7256,-92.3576,439815,634,America/Chicago,2,1840015509
Oakland,Oakland,CA,California,Alameda,37.7903,-122.2165,433031,2991,America/Los_Angeles,2,1840020296
Durham,Durham,NC,North Carolina,Durham,35.9794,-78.9031,424700,959,America/New_York,2,1840013364
Winston-Salem,Winston-Salem,NC,North Carolina,Forsyth,36.1029,-80.2611,422269,721,America/New_York,2,1840015324
Bonita Springs,Bonita Springs,FL,Florida,Lee,26.3559,-81.7861,421291,600,America/New_York,2,1840014227
Indio,Indio,CA,California,Riverside,33.7346,-116.2346,417059,1066,America/Los_Angeles,2,1840019304
Palm Coast,Palm Coast,FL,Florida,Flagler,29.5392,-81.2460,417007,364,America/New_York,2,1840015064
Chattanooga,Chattanooga,TN,Tennessee,Hamilton,35.0657,-85.2488,415501,493,America/New_York,2,1840014569
Spokane,Spokane,WA,Washington,Spokane,47.6671,-117.4330,412275,1247,America/Los_Angeles,2,1840021093
Syracuse,Syracuse,NY,New York,Onondaga,43.0409,-76.1438,404223,2195,America/New_York,2,1840000378
Lancaster,Lancaster,PA,Pennsylvania,Lancaster,40.0421,-76.3012,401524,3166,America/New_York,2,1840003718
Arlington,Arlington,TX,Texas,Tarrant,32.6998,-97.1250,398854,1607,America/Chicago,2,1840019422
Stockton,Stockton,CA,California,San Joaquin,37.9765,-121.3109,397264,1941,America/Los_Angeles,2,1840021517
Poughkeepsie,Poughkeepsie,NY,New York,Dutchess,41.6949,-73.9210,394760,2290,America/New_York,2,1840000500
Augusta,Augusta,GA,Georgia,Richmond,33.3645,-82.0708,390809,252,America/New_York,2,1840029462
Boise,Boise,ID,Idaho,Ada,43.6007,-116.2312,389280,1056,America/Boise,2,1840027142
Oxnard,Oxnard,CA,California,Ventura,34.1963,-119.1815,387647,3040,America/Los_Angeles,2,1840020474
Scranton,Scranton,PA,Pennsylvania,Lackawanna,41.4044,-75.6649,384250,1169,America/New_York,2,1840003389
Modesto,Modesto,CA,California,Stanislaus,37.6374,-121.0028,383134,1933,America/Los_Angeles,2,1840020287
Kissimmee,Kissimmee,FL,Florida,Osceola,28.3042,-81.4164,382720,1349,America/New_York,2,1840015109
Aurora,Aurora,CO,Colorado,Adams,39.7087,-104.7273,379289,949,America/Denver,2,1840018794
Youngstown,Youngstown,OH,Ohio,Mahoning,41.0993,-80.6463,378732,744,America/New_York,2,1840003563
Fayetteville,Fayetteville,AR,Arkansas,Washington,36.0713,-94.1660,351246,625,America/Chicago,2,1840013368
Anaheim,Anaheim,CA,California,Orange,33.8390,-117.8572,350365,2688,America/Los_Angeles,2,1840019322
Pensacola,Pensacola,FL,Florida,Escambia,30.4427,-87.1886,346921,903,America/Chicago,2,1840015005
Victorville,Victorville,CA,California,San Bernardino,34.5277,-117.3536,346789,641,America/Los_Angeles,2,1840021731
Lancaster,Lancaster,CA,California,Los Angeles,34.6935,-118.1753,343304,645,America/Los_Angeles,2,1840020516
Greensboro,Greensboro,NC,North Carolina,Guilford,36.0956,-79.8269,343090,887,America/New_York,2,1840013356
Corpus Christi,Corpus Christi,TX,Texas,Nueces,27.7260,-97.3755,342464,789,America/Chicago,2,1840019718
Fort Wayne,Fort Wayne,IN,Indiana,Allen,41.0886,-85.1437,334122,943,America/Indiana/Indianapolis,2,1840008261
Santa Ana,Santa Ana,CA,California,Orange,33.7366,-117.8819,332318,4689,America/Los_Angeles,2,1840021964
Flint,Flint,MI,Michigan,Genesee,43.0235,-83.6922,332190,1103,America/Detroit,2,1840002949
Fayetteville,Fayetteville,NC,North Carolina,Cumberland,35.0846,-78.9776,327435,552,America/New_York,2,1840013490
Jackson,Jackson,MS,Mississippi,Hinds,32.3163,-90.2124,325350,558,America/Chicago,2,1840014895
Santa Rosa,Santa Rosa,CA,California,Sonoma,38.4458,-122.7067,324634,1605,America/Los_Angeles,2,1840021488
Lansing,Lansing,MI,Michigan,Ingham,42.7142,-84.5601,324286,1164,America/Detroit,2,1840003102
San Juan,San Juan,PR,Puerto Rico,San Juan,18.4037,-66.0636,323279,3157,America/Puerto_Rico,2,1630035577
Lexington,Lexington,KY,Kentucky,Fayette,38.0423,-84.4587,323152,439,America/New_York,2,1840015211
Ann Arbor,Ann Arbor,MI,Michigan,Washtenaw,42.2755,-83.7312,322267,1659,America/Detroit,2,1840003172
Henderson,Henderson,NV,Nevada,Clark,36.0133,-115.0380,320189,1165,America/Los_Angeles,2,1840020361
Huntsville,Huntsville,AL,Alabama,Madison,34.6988,-86.6412,319249,361,America/Chicago,2,1840005061
Mobile,Mobile,AL,Alabama,Mobile,30.6783,-88.1162,315502,522,America/Chicago,2,1840006009
Fort Collins,Fort Collins,CO,Colorado,Larimer,40.5478,-105.0656,312666,1149,America/Denver,2,1840020151
Asheville,Asheville,NC,North Carolina,Buncombe,35.5704,-82.5536,312507,786,America/New_York,2,1840013411
Santa Clarita,Santa Clarita,CA,California,Los Angeles,34.4175,-118.4964,312446,1162,America/Los_Angeles,2,1840021864
St. Paul,St. Paul,MN,Minnesota,Ramsey,44.9477,-93.1040,308096,2288,America/Chicago,2,1840008940
Antioch,Antioch,CA,California,Contra Costa,37.9789,-121.7958,302419,1466,America/Los_Angeles,2,1840018903
Lakeland,Lakeland,FL,Florida,Polk,28.0556,-81.9545,302284,654,America/New_York,2,1840015108
Trenton,Trenton,NJ,New Jersey,Mercer,40.2236,-74.7641,290716,4238,America/New_York,2,1840001383
Lincoln,Lincoln,NE,Nebraska,Lancaster,40.8090,-96.6788,289490,1160,America/Chicago,2,1840009357
Springfield,Springfield,MO,Missouri,Greene,37.1943,-93.2916,288090,786,America/Chicago,2,1840009904
Anchorage,Anchorage,AK,Alaska,Anchorage,61.1508,-149.1091,288000,65,America/Anchorage,2,1840023385
Plano,Plano,TX,Texas,Collin,33.0502,-96.7487,287677,1549,America/Chicago,2,1840020662
Irvine,Irvine,CA,California,Orange,33.6772,-117.7738,287401,1691,America/Los_Angeles,2,1840019325
Davenport,Davenport,IA,Iowa,Scott,41.5563,-90.6052,285362,617,America/Chicago,2,1840007081
Rockford,Rockford,IL,Illinois,Winnebago,42.2597,-89.0641,282762,873,America/Chicago,2,1840009132
Newark,Newark,NJ,New Jersey,Essex,40.7245,-74.1725,282011,4509,America/New_York,2,1840002791
South Bend,South Bend,IN,Indiana,St. Joseph,41.6767,-86.2696,280498,938,America/Indiana/Indianapolis,2,1840009241
Shreveport,Shreveport,LA,Louisiana,Caddo,32.4656,-93.7956,280062,672,America/Chicago,2,1840015768
Round Lake Beach,Round Lake Beach,IL,Illinois,Lake,42.3790,-88.0811,279381,2073,America/Chicago,2,1840011171
Savannah,Savannah,GA,Georgia,Chatham,32.0281,-81.1784,276295,536,America/New_York,2,1840015830
Myrtle Beach,Myrtle Beach,SC,South Carolina,Horry,33.7096,-78.8843,275579,568,America/New_York,2,1840014717
Chula Vista,Chula Vista,CA,California,San Diego,32.6281,-117.0145,274492,2134,America/Los_Angeles,2,1840019350
Eugene,Eugene,OR,Oregon,Lane,44.0563,-123.1173,273439,1510,America/Los_Angeles,2,1840020007
Canton,Canton,OH,Ohio,Stark,40.8075,-81.3677,269418,1040,America/New_York,2,1840000963
Lubbock,Lubbock,TX,Texas,Lubbock,33.5659,-101.8878,267648,741,America/Chicago,2,1840020604
Reading,Reading,PA,Pennsylvania,Berks,40.3400,-75.9267,267155,3466,America/New_York,2,1840001185
Winter Haven,Winter Haven,FL,Florida,Polk,28.0118,-81.7017,267069,538,America/New_York,2,1840015970
Salem,Salem,OR,Oregon,Marion,44.9231,-123.0246,266804,1382,America/Los_Angeles,2,1840021224
St. Petersburg,St. Petersburg,FL,Florida,Pinellas,27.7931,-82.6652,265351,1656,America/New_York,2,1840015977
Lafayette,Lafayette,LA,Louisiana,Lafayette,30.2084,-92.0323,264357,877,America/Chicago,2,1840015044
Laredo,Laredo,TX,Texas,Webb,27.5629,-99.4875,262491,958,America/Chicago,2,1840021002
Jersey City,Jersey City,NJ,New Jersey,Hudson,40.7161,-74.0682,262075,6863,America/New_York,2,1840003600
Concord,Concord,NC,North Carolina,Cabarrus,35.3933,-80.6366,261801,585,America/New_York,2,1840014559
Columbus,Columbus,GA,Georgia,Muscogee,32.5100,-84.8771,261445,349,America/New_York,2,1840014887
Chandler,Chandler,AZ,Arizona,Maricopa,33.2826,-111.8516,261165,1548,America/Phoenix,2,1840019309
McKinney,McKinney,TX,Texas,Collin,33.2015,-96.6669,258277,1148,America/Chicago,2,1840020657
Scottsdale,Scottsdale,AZ,Arizona,Maricopa,33.6872,-111.8651,258069,541,America/Phoenix,2,1840021940
Killeen,Killeen,TX,Texas,Bell,31.0754,-97.7296,258009,1073,America/Chicago,2,1840020854
Tallahassee,Tallahassee,FL,Florida,Leon,30.4551,-84.2526,257601,747,America/New_York,2,1840015913
Peoria,Peoria,IL,Illinois,Peoria,40.7520,-89.6153,256286,888,America/Chicago,2,1840009373
Wilmington,Wilmington,NC,North Carolina,New Hanover,34.2100,-77.8866,255616,929,America/New_York,2,1840015576
Montgomery,Montgomery,AL,Alabama,Montgomery,32.3473,-86.2666,254634,479,America/Chicago,2,1840008353
Gilbert,Gilbert,AZ,Arizona,Maricopa,33.3101,-111.7463,254114,1432,America/Phoenix,2,1840021947
Glendale,Glendale,AZ,Arizona,Maricopa,33.5791,-112.2311,252381,1582,America/Phoenix,2,1840020563
North Las Vegas,North Las Vegas,NV,Nevada,Clark,36.2880,-115.0901,251974,992,America/Los_Angeles,2,1840020363
Chesapeake,Chesapeake,VA,Virginia,Chesapeake,36.6778,-76.3024,244835,279,America/New_York,2,1840003874
Barnstable,Barnstable,MA,Massachusetts,Barnstable,41.6722,-70.3599,242847,286,America/New_York,2,1840031233
Norfolk,Norfolk,VA,Virginia,Norfolk,36.8945,-76.2590,242742,1759,America/New_York,2,1840003869
Fremont,Fremont,CA,California,Alameda,37.5265,-121.9852,241110,1201,America/Los_Angeles,2,1840020292
Kennewick,Kennewick,WA,Washington,Benton,46.1978,-119.1732,240735,1186,America/Los_Angeles,2,1840018481
Garland,Garland,TX,Texas,Dallas,32.9100,-96.6305,239928,1623,America/Chicago,2,1840020707
Irving,Irving,TX,Texas,Dallas,32.8584,-96.9702,239798,1380,America/Chicago,2,1840019438
Visalia,Visalia,CA,California,Tulare,36.3276,-119.3269,237386,1370,America/Los_Angeles,2,1840021639
Atlantic City,Atlantic City,NJ,New Jersey,Atlantic,39.3797,-74.4527,237054,1354,America/New_York,2,1840003798
Paradise,Paradise,NV,Nevada,Clark,36.0807,-115.1369,235087,1942,America/Los_Angeles,2,1840033743
Nashua,Nashua,NH,New Hampshire,Hillsborough,42.7491,-71.4910,233917,1118,America/New_York,2,1840002984
Arlington,Arlington,VA,Virginia,Arlington,38.8786,-77.1011,233464,3467,America/New_York,2,1840006112
Hialeah,Hialeah,FL,Florida,Miami-Dade,25.8696,-80.3046,233339,4174,America/New_York,2,1840015157
York,York,PA,Pennsylvania,York,39.9651,-76.7315,233184,3204,America/New_York,2,1840001472
Evansville,Evansville,IN,Indiana,Vanderburgh,37.9881,-87.5341,230427,962,America/Chicago,2,1840013730
Avondale,Avondale,AZ,Arizona,Maricopa,33.3858,-112.3236,227289,750,America/Phoenix,2,1840019310
Brownsville,Brownsville,TX,Texas,Cameron,25.9980,-97.4565,227239,533,America/Matamoros,2,1840019743
Gulfport,Gulfport,MS,Mississippi,Harrison,30.4271,-89.0703,220987,497,America/Chicago,2,1840013947
Appleton,Appleton,WI,Wisconsin,Outagamie,44.2779,-88.3891,220570,1156,America/Chicago,2,1840002400
Bremerton,Bremerton,WA,Washington,Kitsap,47.5436,-122.7122,218400,561,America/Los_Angeles,2,1840018410
Hickory,Hickory,NC,North Carolina,Catawba,35.7425,-81.3230,218323,536,America/New_York,2,1840014524
Tacoma,Tacoma,WA,Washington,Pierce,47.2431,-122.4531,217827,1690,America/Los_Angeles,2,1840021129
San Bernardino,San Bernardino,CA,California,San Bernardino,34.1417,-117.2946,215784,1341,America/Los_Angeles,2,1840021728
College Station,College Station,TX,Texas,Brazos,30.5852,-96.2960,215243,890,America/Chicago,2,1840019570
Kalamazoo,Kalamazoo,MI,Michigan,Kalamazoo,42.2749,-85.5882,215193,1192,America/Detroit,2,1840003185
Thousand Oaks,Thousand Oaks,CA,California,Ventura,34.1914,-118.8755,215029,885,America/Los_Angeles,2,1840021844
Roanoke,Roanoke,VA,Virginia,Roanoke,37.2785,-79.9580,214674,900,America/New_York,2,1840003858
Fontana,Fontana,CA,California,San Bernardino,34.0968,-117.4599,214547,1923,America/Los_Angeles,2,1840020402
Moreno Valley,Moreno Valley,CA,California,Riverside,33.9244,-117.2045,213055,1604,America/Los_Angeles,2,1840020552
North Port,North Port,FL,Florida,Sarasota,27.0577,-82.1975,209070,274,America/New_York,2,1840015120
Fargo,Fargo,ND,North Dakota,Cass,46.8652,-96.8292,208675,967,America/Chicago,2,1840000177
Green Bay,Green Bay,WI,Wisconsin,Brown,44.5150,-87.9896,207557,887,America/Chicago,2,1840002344
Spring Valley,Spring Valley,NV,Nevada,Clark,36.0987,-115.2619,207127,2404,America/Los_Angeles,2,1840033832
Amarillo,Amarillo,TX,Texas,Potter,35.1988,-101.8311,205603,756,America/Chicago,2,1840019156
Portland,Portland,ME,Maine,Cumberland,43.6773,-70.2715,203969,1185,America/New_York,2,1840000327
Santa Barbara,Santa Barbara,CA,California,Santa Barbara,34.4285,-119.7202,202401,1808,America/Los_Angeles,2,1840021829
Gainesville,Gainesville,FL,Florida,Alachua,29.6804,-82.3458,202335,820,America/New_York,2,1840014022
Olympia,Olympia,WA,Washington,Thurston,47.0417,-122.8959,200915,1119,America/Los_Angeles,2,1840019865
Frisco,Frisco,TX,Texas,Collin,33.1555,-96.8215,200490,1136,America/Chicago,2,1840020654
Yonkers,Yonkers,NY,New York,Westchester,40.9466,-73.8674,200370,4295,America/New_York,2,1840003478
Norwich,Norwich,CT,Connecticut,New London,41.5495,-72.0882,200289,533,America/New_York,2,1840004828
Glendale,Glendale,CA,California,Los Angeles,34.1818,-118.2468,199303,2525,America/Los_Angeles,2,1840020483
Huntington Beach,Huntington Beach,CA,California,Orange,33.6960,-118.0025,199223,2848,America/Los_Angeles,2,1840020578
Deltona,Deltona,FL,Florida,Volusia,28.9050,-81.2137,198361,960,America/New_York,2,1840015072
Aurora,Aurora,IL,Illinois,Kane,41.7637,-88.2901,197757,1696,America/Chicago,2,1840007034
Tempe,Tempe,AZ,Arizona,Maricopa,33.3881,-111.9318,195805,1891,America/Phoenix,2,1840021942
Overland Park,Overland Park,KS,Kansas,Johnson,38.8870,-94.6870,195494,1003,America/Chicago,2,1840003834
Grand Prairie,Grand Prairie,TX,Texas,Dallas,32.6872,-97.0209,194543,1039,America/Chicago,2,1840020709
Sunrise Manor,Sunrise Manor,NV,Nevada,Clark,36.1785,-115.0490,193781,2241,America/Los_Angeles,2,1840033833
Waco,Waco,TX,Texas,McLennan,31.5598,-97.1881,192315,605,America/Chicago,2,1840022140
Salinas,Salinas,CA,California,Monterey,36.6884,-121.6317,190972,2562,America/Los_Angeles,2,1840021632
Waterbury,Waterbury,CT,Connecticut,New Haven,41.5583,-73.0361,189614,1456,America/New_York,2,1840004851
Clarksville,Clarksville,TN,Tennessee,Montgomery,36.5695,-87.3420,188746,618,America/Chicago,2,1840014421
Cedar Rapids,Cedar Rapids,IA,Iowa,Linn,41.9665,-91.6782,188038,720,America/Chicago,2,1840000471
Sioux Falls,Sioux Falls,SD,South Dakota,Minnehaha,43.5397,-96.7320,187239,907,America/Chicago,2,1840002648
Huntington,Huntington,WV,West Virginia,Cabell,38.4109,-82.4344,186034,1073,America/New_York,2,1840006211
Ontario,Ontario,CA,California,San Bernardino,34.0393,-117.6064,185010,1429,America/Los_Angeles,2,1840020410
Hagerstown,Hagerstown,MD,Maryland,Washington,39.6401,-77.7217,184755,1272,America/New_York,2,1840005613
Erie,Erie,PA,Pennsylvania,Erie,42.1168,-80.0733,184484,1926,America/New_York,2,1840000478
Vancouver,Vancouver,WA,Washington,Clark,45.6366,-122.5967,184463,1461,America/Los_Angeles,2,1840021189
Nampa,Nampa,ID,Idaho,Canyon,43.5845,-116.5631,184428,1167,America/Boise,2,1840020041
Spartanburg,Spartanburg,SC,South Carolina,Spartanburg,34.9437,-81.9257,182701,730,America/New_York,2,1840015482
Gastonia,Gastonia,NC,North Carolina,Gaston,35.2494,-81.1853,182581,577,America/New_York,2,1840013468
Fort Lauderdale,Fort Lauderdale,FL,Florida,Broward,26.1412,-80.1464,182437,2036,America/New_York,2,1840014236
Lorain,Lorain,OH,Ohio,Lorain,41.4409,-82.1840,180279,1041,America/New_York,2,1840000644
Murfreesboro,Murfreesboro,TN,Tennessee,Rutherford,35.8492,-86.4119,179951,919,America/Chicago,2,1840014495
High Point,High Point,NC,North Carolina,Guilford,35.9907,-79.9938,179913,777,America/New_York,2,1840014479
Newport News,Newport News,VA,Virginia,Newport News,37.1051,-76.5185,179225,1002,America/New_York,2,1840003862
Rancho Cucamonga,Rancho Cucamonga,CA,California,San Bernardino,34.1248,-117.5666,177603,1709,America/Los_Angeles,2,1840020411
Hemet,Hemet,CA,California,Riverside,33.7341,-116.9969,177253,1125,America/Los_Angeles,2,1840020550
Santa Cruz,Santa Cruz,CA,California,Santa Cruz,36.9789,-122.0346,176428,1957,America/Los_Angeles,2,1840021579
Danbury,Danbury,CT,Connecticut,Fairfield,41.4016,-73.4710,176030,779,America/New_York,2,1840004837
Peoria,Peoria,AZ,Arizona,Maricopa,33.7844,-112.2989,175961,386,America/Phoenix,2,1840020567
Oceanside,Oceanside,CA,California,San Diego,33.2247,-117.3083,175742,1644,America/Los_Angeles,2,1840020623
Elk Grove,Elk Grove,CA,California,Sacramento,38.4160,-121.3842,174775,1605,America/Los_Angeles,2,1840020245
Pembroke Pines,Pembroke Pines,FL,Florida,Broward,26.0128,-80.3382,173591,2051,America/New_York,2,1840015141
Vallejo,Vallejo,CA,California,Solano,38.1133,-122.2358,173256,1524,America/Los_Angeles,2,1840021499
Garden Grove,Garden Grove,CA,California,Orange,33.7787,-117.9601,171644,3690,America/Los_Angeles,2,1840020577
Enterprise,Enterprise,NV,Nevada,Clark,36.0164,-115.2208,171108,1292,America/Los_Angeles,2,1840033827
Medford,Medford,OR,Oregon,Jackson,42.3372,-122.8537,170876,1243,America/Los_Angeles,2,1840020076
Cary,Cary,NC,North Carolina,Wake,35.7820,-78.8191,170282,1119,America/New_York,2,1840016196
Marysville,Marysville,WA,Washington,Snohomish,48.0809,-122.1561,170009,1308,America/Los_Angeles,2,1840019789
Corona,Corona,CA,California,Riverside,33.8616,-117.5649,169868,1640,America/Los_Angeles,2,1840019305
Ocala,Ocala,FL,Florida,Marion,29.1780,-82.1511,169383,496,America/New_York,2,1840015067
Fredericksburg,Fredericksburg,VA,Virginia,Fredericksburg,38.2992,-77.4872,168909,1072,America/New_York,2,1840003845
Gainesville,Gainesville,GA,Georgia,Hall,34.2903,-83.8301,167371,506,America/New_York,2,1840013612
Manchester,Manchester,NH,New Hampshire,Hillsborough,42.9848,-71.4447,162877,1315,America/New_York,2,1840002983
Bayamón,Bayamon,PR,Puerto Rico,Bayamón,18.3793,-66.1635,161034,2304,America/Puerto_Rico,2,1630035622
Champaign,Champaign,IL,Illinois,Champaign,40.1144,-88.2735,159443,1503,America/Chicago,2,1840007239
Alexandria,Alexandria,VA,Virginia,Alexandria,38.8185,-77.0861,159428,4121,America/New_York,2,1840003837
Hayward,Hayward,CA,California,Alameda,37.6328,-122.0772,159203,1349,America/Los_Angeles,2,1840020293
Springfield,Springfield,IL,Illinois,Sangamon,39.7710,-89.6538,158509,723,America/Chicago,2,1840009517
Lakewood,Lakewood,CO,Colorado,Jefferson,39.6977,-105.1168,157935,1416,America/Denver,2,1840020198
Lafayette,Lafayette,IN,Indiana,Tippecanoe,40.3990,-86.8594,157820,942,America/Indiana/Indianapolis,2,1840008354
Frederick,Frederick,MD,Maryland,Frederick,39.4336,-77.4141,156787,1172,America/New_York,2,1840005710
Lake Charles,Lake Charles,LA,Louisiana,Calcasieu,30.2012,-93.2122,156181,674,America/Chicago,2,1840015039
Odessa,Odessa,TX,Texas,Ector,31.8831,-102.3406,155998,1052,America/Chicago,2,1840020794
Tuscaloosa,Tuscaloosa,AL,Alabama,Tuscaloosa,33.2348,-87.5267,155499,631,America/Chicago,2,1840005563
Warner Robins,Warner Robins,GA,Georgia,Houston,32.5970,-83.6529,155140,805,America/New_York,2,1840015800
Palmdale,Palmdale,CA,California,Los Angeles,34.5944,-118.1057,155079,564,America/Los_Angeles,2,1840020502
Hollywood,Hollywood,FL,Florida,Broward,26.0294,-80.1679,154817,2192,America/New_York,2,1840015144
Midland,Midland,TX,Texas,Midland,32.0249,-102.1137,154793,758,America/Chicago,2,1840020792
Leesburg,Leesburg,FL,Florida,Lake,28.7657,-81.8996,154574,249,America/New_York,2,1840015083
Port Arthur,Port Arthur,TX,Texas,Jefferson,29.8554,-93.9264,154468,272,America/Chicago,2,1840020919
Muskegon,Muskegon,MI,Michigan,Muskegon,43.2281,-86.2563,153565,998,America/Detroit,2,1840002870
Macon,Macon,GA,Georgia,Bibb,32.8065,-83.6974,153159,237,America/New_York,2,1840043455
Kansas City,Kansas City,KS,Kansas,Wyandotte,39.1234,-94.7443,152960,473,America/Chicago,2,1840001626
Sunnyvale,Sunnyvale,CA,California,Santa Clara,37.3836,-122.0256,152703,2676,America/Los_Angeles,2,1840021573
Pomona,Pomona,CA,California,Los Angeles,34.0585,-117.7626,151691,2548,America/Los_Angeles,2,1840020507
Escondido,Escondido,CA,California,San Diego,33.1347,-117.0722,151625,1568,America/Los_Angeles,2,1840020620
Pasadena,Pasadena,TX,Texas,Harris,29.6583,-95.1499,151227,1339,America/Chicago,2,1840020930
New Bedford,New Bedford,MA,Massachusetts,Bristol,41.6697,-70.9428,149910,1840,America/New_York,2,1840003219
Fairfield,Fairfield,CA,California,Solano,38.2592,-122.0324,148683,1097,America/Los_Angeles,2,1840020253
Naperville,Naperville,IL,Illinois,DuPage,41.7483,-88.1657,148449,1476,America/Chicago,2,1840008143
Bellevue,Bellevue,WA,Washington,King,47.5951,-122.1535,148164,1709,America/Los_Angeles,2,1840018417
Binghamton,Binghamton,NY,New York,Broome,42.1014,-75.9093,148145,1635,America/New_York,2,1840000460
Elkhart,Elkhart,IN,Indiana,Elkhart,41.6916,-85.9628,147567,734,America/Indiana/Indianapolis,2,1840008187
Topeka,Topeka,KS,Kansas,Shawnee,39.0346,-95.6955,147458,787,America/Chicago,2,1840001621
Joliet,Joliet,IL,Illinois,Will,41.5189,-88.1499,147344,886,America/Chicago,2,1840008192
Beaumont,Beaumont,TX,Texas,Jefferson,30.0849,-94.1451,146091,547,America/Chicago,2,1840019612
Paterson,Paterson,NJ,New Jersey,Passaic,40.9147,-74.1624,145233,6665,America/New_York,2,1840000838
Merced,Merced,CA,California,Merced,37.3057,-120.4778,145149,1390,America/Los_Angeles,2,1840020313
Pueblo,Pueblo,CO,Colorado,Pueblo,38.2705,-104.6112,143932,789,America/Denver,2,1840020255
Tyler,Tyler,TX,Texas,Smith,32.3184,-95.3062,143796,718,America/Chicago,2,1840022076
Torrance,Torrance,CA,California,Los Angeles,33.8346,-118.3417,143592,2701,America/Los_Angeles,2,1840021873
Yuma,Yuma,AZ,Arizona,Yuma,32.5992,-114.5488,142847,313,America/Phoenix,2,1840021998
Metairie,Metairie,LA,Louisiana,Jefferson,29.9977,-90.1780,142135,2359,America/Chicago,2,1840013994
Surprise,Surprise,AZ,Arizona,Maricopa,33.6800,-112.4524,141664,506,America/Phoenix,2,1840021941
Columbia,Columbia,MO,Missouri,Boone,38.9478,-92.3256,141645,725,America/Chicago,2,1840007391
Athens,Athens,GA,Georgia,Clarke,33.9508,-83.3689,141532,421,America/New_York,2,1840029463
Roseville,Roseville,CA,California,Placer,38.7703,-121.3196,141500,1239,America/Los_Angeles,2,1840020233
Thornton,Thornton,CO,Colorado,Adams,39.9197,-104.9438,141464,1521,America/Denver,2,1840021422
Miramar,Miramar,FL,Florida,Broward,25.9773,-80.3351,141191,1889,America/New_York,2,1840015137
Pasadena,Pasadena,CA,California,Los Angeles,34.1597,-118.1390,141029,2371,America/Los_Angeles,2,1840020505
Mesquite,Mesquite,TX,Texas,Dallas,32.7623,-96.5889,140937,1151,America/Chicago,2,1840020713
Olathe,Olathe,KS,Kansas,Johnson,38.8832,-94.8198,140545,880,America/Chicago,2,1840003833
Santa Maria,Santa Maria,CA,California,Santa Barbara,34.9334,-120.4432,140545,1815,America/Los_Angeles,2,1840021830
Houma,Houma,LA,Louisiana,Terrebonne,29.5799,-90.7058,140469,874,America/Chicago,2,1840015063
